Season,TS%
2008-09,0.5175302503893614
2009-10,0.5300641524105754
2010-11,0.5203743510036708
2011-12,0.5170665355621108
2012-13,0.5034145701446519
2013-14,0.5150893121484259
2014-15,0.5084441777511084
2015-16,0.5311990537991881
2016-17,0.5293933087882183
2017-18,0.5359545163356823
2018-19,0.5142645591217847
2019-20,0.5426712362787465
2020-21,0.5298932262162255
2021-22,0.5409449300165027
2022-23,0.5398519651489908
2023-24,0.5342372321993345
2024-25,0.5407928656030099
